store_id,location,manager
1,Ruizland,Toni Johnson
2,New Amystad,Miguel Bell
3,East Isabel,Jaime Hudson
4,South Jerome,Angelica Fry
5,Sheahaven,Timothy Taylor
6,Lake Jeffreyfurt,Crystal Spencer
7,North Garyside,Angel Velasquez
8,Jessicashire,Kathy Chung
9,Christophershire,Carlos Johnson
10,Elizabethton,Ebony Gonzales
11,Fullermouth,Rhonda Walters
12,Jeremyfort,Katie Vaughn
13,Garciaside,Brian Johnson
14,Bryanville,Laurie Schroeder
15,Luisside,Jacob French
16,Gardnerstad,Amber Jones
17,Mcclureside,Brandi Campbell
18,Wiseside,Jeff Ferguson
19,Nelsonside,Rebecca Medina
20,West Josephmouth,Matthew Bean
21,South Leslie,Gregg Boyer
22,Port Michelleport,Michael Conway
23,Jonesberg,Alicia Short
24,Melissashire,Christopher Hawkins
25,New Angela,Thomas Williams
26,Lake Shannonburgh,Brandon Zhang
27,Nathanside,Caroline Hayes
28,Georgeport,Michelle Sanchez
29,Kimberlyfort,Shannon Hall
30,North Jessica,Alexander Miller
31,West Jack,Mary Thompson
32,Huynhtown,Amy Martinez
33,Westport,Douglas Sims
34,Paulshire,Stephanie Watson
35,Obrientown,Angela Keller
36,Jonathanbury,Zachary Carter
37,Melissafort,Lisa Gardner
38,Port Jamesside,John Morales
39,Lake Victor,Rebecca Hodge
40,Bartonburgh,Bethany Murray
41,North Kelly,Bethany Mendoza
42,Meyerschester,Ronald Jones
43,Richardborough,Michelle Soto
44,Wrightmouth,Peter Jordan
45,Danielletown,Heather Jackson
46,Boydshire,Ariel Martinez
47,Donnashire,Craig Mullins
48,Riggsstad,Robert Atkins
49,East Matthew,James Kennedy
50,South Kevinfort,Jennifer Adams
51,New Scottmouth,Mary Cole
52,West Patrick,Dr. Laura Holt
53,Hollandburgh,Martin Wilson
54,Jenningshaven,Dawn Mathews
55,Dudleyborough,Caroline Nguyen
56,New Deborahmouth,Adam Owens
57,New Calvin,Anthony Smith
58,North Valerieton,Joseph Cole
59,Bethmouth,Ashley Thompson
60,North Anneside,Gregory Gibbs
61,Wagnerview,Lisa Kirby
62,Shirleybury,Shannon Kennedy
63,Chelseaville,Lynn Smith
64,Dylanberg,April Moyer
65,Jessicaburgh,Charlene Clayton
66,Lake Jaystad,Leslie Johnson
67,West Dillonchester,Joseph Larson
68,Contrerasmouth,Earl Cox
69,Durhambury,Roy Black
70,Johnville,Brian White
71,Emilyshire,Mark Pratt
72,Christophermouth,Monica Foster
73,Kaylafurt,Dustin Lopez
74,Stephaniemouth,Sara Vega
75,Amandaland,Kenneth Lyons
76,East Kathleen,Chelsey Hodges
77,New Kathleenland,Joshua Fernandez
78,East Michelle,Linda Wilson
79,Carrieburgh,Rodney Taylor
80,Kylemouth,Ruben Velazquez
81,East Paul,Angela Blake
82,Cooktown,Carolyn Thomas
83,West Jerrymouth,Melissa Rose
84,Emilychester,Christine Lopez
85,East Jonathan,Kevin Ramirez
86,Barbarahaven,Kyle Jensen
87,New Calebland,Mrs. Shawna Snyder
88,Brettshire,Crystal Browning
89,New Thomas,Damon Ramos
90,East William,Michaela Erickson
91,Bobbyton,Natalie Jackson
92,West Kellychester,Justin Spencer
93,East Kevinmouth,Linda Hamilton
94,Johnsonview,Tim Snyder
95,Millerberg,Amy Williams
96,Ronaldbury,Phyllis Meza
97,Port Christy,John Davis
98,New Paigeport,Dr. Hector Marshall MD
99,Meganstad,Theresa Taylor
100,Vanessamouth,Patricia Mccarthy
101,Kyleport,Mrs. Amy Anderson
102,North Michellefort,Elijah Armstrong
103,Rodneyside,Joshua Young
104,Patriciatown,Terry Williams
105,Jamesmouth,Stacy Sims
106,Simsport,Andrew Parks
107,Hernandezview,Lisa Garcia
108,South Belindafurt,Lawrence White
109,Jimmyside,Denise Cook
110,Robertsburgh,Robyn Ramsey
111,Port Christinaland,Adam Solis
112,South James,Steven Campbell
113,Williamstown,Gary Wilson
114,Maryland,Melissa Hanson
115,Whitefort,Jean Zhang
116,Singhton,Thomas Wilson
117,Robinport,Stephen Lara
118,Johnsonland,Alan Martin
119,South Cheryl,Ashley Murphy
120,North Jamesberg,Allison Rivera
121,South Todd,Pamela Moore
122,North Gregoryville,Sarah Miller
123,West Stephaniestad,Amy Morales MD
124,Lake Heather,Kevin Dixon
125,South Oscar,Lauren Randolph
126,North Cody,Randy Potter
127,Robertstown,Brad Kaufman
128,Ericksonville,Steven Wallace
129,Sarahview,Stacey Russell
130,Tonyaport,Daniel Flores
131,Alvarezland,Sarah Hamilton
132,Monroetown,Denise Drake
133,West Julie,Robert Evans
134,Kelleychester,Justin Wilcox
135,Markfurt,Matthew Kerr
136,Lopezchester,John Wheeler
137,New Michael,Timothy Mcguire
138,Anthonyville,Lori Chang
139,Karenton,Stephen Barrera
140,Port John,James Green
141,Joshuashire,Kathy Price
142,Roachland,Allison Mitchell
143,Cookville,Clinton Phillips
144,Alvarezland,James Mcclain
145,Millerport,Maria Ortega
146,New Brandi,Kyle Allen
147,Friedmanmouth,Gary Hansen
148,Pinedachester,Rachel Wells
149,New Caitlin,Ryan Maynard
150,Henryborough,Chloe Perez
151,Lopezside,Tony Miller
152,Garyton,Gregory Walker
153,North Jenniferville,Denise Jones
154,Mendozaview,Michael Chang
155,Calebbury,Richard Kelly
156,Lake Johnnyview,Jonathan Alvarez
157,South Paula,Olivia Vang
158,West Gregory,Jennifer Mitchell
159,Burtonville,Angela Lara
160,Boydton,Steven Ochoa
161,Alexanderborough,Kathleen Orr
162,East Trevor,Mary Kerr
163,Johnsonville,Brendan Thomas
164,Castrochester,Marcus Hall
165,South Keithburgh,Sheri Rogers
166,Lake Jeannechester,Joseph Rodriguez
167,North Joshuashire,Allison Ross
168,Lake Danielhaven,Lori Vincent
169,Lake Alan,Chelsea Patrick
170,Gibsonview,Alex Hunt
171,Shepherdfort,Zachary Smith
172,East Reginafort,Shannon Miller
173,Lake Shawn,Colleen Johnson
174,Andrewsfurt,Todd Watkins
175,Mccoyshire,Kari Brown
176,North Robertmouth,Mark Hernandez
177,Mccannmouth,James Sanchez
178,Victortown,Ruth Holmes
179,South Kevinberg,James Cole
180,Coffeymouth,Billy Friedman
181,New Charlestown,Jay Harris
182,Stanleyburgh,Brandon Frey
183,Lake Jademouth,Justin Grant
184,East Joshua,Amy Park
185,New Tamarachester,Elijah Donovan
186,Christineshire,Michael Taylor
187,Fletcherberg,Kathleen Thompson
188,Lake Julie,Gail Cook
189,Thomasborough,Richard Mathews
190,Deanville,Emily Curry
191,West Ryanburgh,Robert Meyer
192,New Lindsey,Isabel Johnson
193,Port Shannonburgh,Traci Cook
194,West Tracy,Derek Taylor
195,South Maryberg,Karen Martinez
196,West Damonmouth,Jennifer Fowler
197,Sparkschester,Jeremy Johnson
198,Gonzalesville,Daniel Williams
199,Zimmermanmouth,Mark Smith
200,Fieldstown,Alexandra Griffin
201,Larrymouth,Heather Huber
202,Hoffmanchester,James Patel
203,South Sarah,Sherry Dillon
204,Barryville,Deborah Davis MD
205,Carlaberg,Andrea Johnson
206,New Kenneth,Rebecca Hawkins
207,South Monicaport,David Ruiz
208,Lambchester,Jason Mayer
209,West Adamfurt,William Davis
210,South Lauraview,James Diaz
211,East Suzanne,Karina Butler
212,Ericside,Robin Potter
213,Robertbury,Larry Christensen
214,Williamsonport,Emily Williams
215,Alejandroshire,Christopher Tran
216,Tylermouth,Vickie White
217,Zacharyfurt,Sandra Braun
218,Taylorburgh,Jessica Matthews
219,New Erik,David Gibbs
220,Susanborough,Allison Smith
221,Ramirezport,Melanie Rodriguez
222,New Joyhaven,Bradley Gonzalez
223,East Melissabury,Jennifer Hardy
224,Olsonberg,Sharon Hernandez
225,Jamesland,Richard Russell
226,Hamptonton,Shannon Martinez
227,Michaelchester,Devin Reed
228,South Sheila,Chad Little
229,Lake Carol,Bianca Gonzalez
230,Carrollborough,Rachel Taylor
231,Port William,Laura Casey
232,Colemanfurt,Charles Mejia
233,South Leonardtown,Elizabeth Lyons
234,Rachelmouth,Debra Allen
235,Port Robert,Carl Stewart
236,West Kenneth,Dawn Thompson
237,Marytown,Maria Larsen
238,Jacquelinemouth,Justin Lopez
239,West Robin,Wayne Taylor
240,Simmonsside,Sergio Williamson
241,East Johnbury,Brittney Taylor
242,Lake Tinaton,Matthew Patrick
243,New Sharon,William Ross
244,South Billy,Carol Gonzalez
245,New Natalieview,Jason Young
246,Richardstad,David Lee
247,South Devinbury,Matthew Anderson
248,Davidchester,Tyler Graham
249,East Ashleyview,Christine Byrd
250,New Amytown,Sharon Jones
251,Gregorytown,Dean King
252,East Brianna,Brandi Schwartz
253,Port Eric,Natalie Jimenez
254,Tateland,Brianna Dyer
255,East Johnville,Debbie Burns
256,Blackburnstad,Amber Ramirez
257,West Melissashire,Caleb Garcia
258,South Shelby,Jason Guzman
259,East Sarah,Brianna Burton MD
260,East Trevor,Michelle Padilla
261,Carrollfort,Brian Jones
262,Lawrenceburgh,Alexander Thomas
263,Dennismouth,Sarah Wells
264,North Patricia,Richard Mclean
265,Williamborough,Michael Taylor
266,Brettburgh,Derrick Young
267,Amybury,Roy Livingston
268,Robersonberg,Benjamin Hernandez
269,Port Charlesberg,Katherine Garza
270,Evanshaven,Karen Barrera
271,Monicachester,Gregory Price
272,Warnermouth,Johnny Lawrence
273,East Devinland,Adam Medina
274,Carrchester,Melissa Snyder
275,North Garystad,Jamie Lewis
276,Dylanfurt,Amy Aguilar
277,Vegaview,Brooke Buckley
278,Valdezside,Jason Harper
279,Lake Crystalbury,Stephanie May
280,Port Derrickport,Michael Rodriguez
281,West John,Nicole Gray
282,South Jennifershire,Tristan Anderson
283,Leroyside,Rachel Castaneda
284,Julietown,Kenneth Smith
285,Josephshire,Miranda Wright
286,South Gina,Anne Nelson
287,Juanchester,Jennifer Baker
288,North Howardbury,Chris Marquez
289,Kennethborough,Christopher Rodriguez
290,New Scott,Grant Holden
291,East Shelby,Tammy Nguyen
292,Espinozaburgh,Justin Rios
293,Erinfort,Paul Oliver
294,Jenniferstad,Mrs. Kathryn Koch DDS
295,Yvonneville,Teresa Sanders
296,Chadfurt,Craig Cobb
297,North Markport,Catherine Harding
298,West Heathermouth,John Rivera
299,Thompsonmouth,Sherri Atkins
300,Port Angela,Juan Johnson
301,Marissafort,Kathryn Pearson
302,Port Suzannefort,Melissa Henson
303,Lake Madison,Catherine Brown
304,West Juliefurt,Mrs. Heather Payne
305,South Christina,James Bailey
306,Port John,Crystal Gordon
307,Lewisfort,Pamela Weber
308,Port Melissa,Cynthia Thompson
309,Port Anthonybury,Rebecca Cameron
310,Barbaramouth,Sharon Moore
311,Amandamouth,Corey Barker
312,Maureenchester,Robert Anderson
313,Samuelland,Suzanne Morse
314,East Joanport,George Chapman
315,Williamsmouth,Bruce Adams
316,West Nicholas,Jessica Tran
317,New Jamieview,Eric Thompson
318,Romeroburgh,Jessica Clark
319,Port Caitlinfurt,Kevin Kramer
320,Jacquelinehaven,Patricia Benjamin
321,Chasefort,Ethan Smith
322,North Tiffany,Juan Oconnell
323,Harryview,Tyler Baker
324,Wheelerville,Jennifer Myers
325,East Chadburgh,Sharon Padilla
326,Ramseychester,Amy Burton
327,Joseshire,Brian Welch
328,West Amy,Lydia Mejia
329,Reesebury,Jacqueline Hall
330,Kimside,Janet Adkins
331,Brandontown,Blake Williams
332,New Richardberg,Mark Montoya
333,East Melodybury,Matthew Johnson
334,West Evan,Troy Davis
335,North Melissa,Juan Berry
336,West Maurice,Paula Nicholson
337,New Kellyfort,Douglas Armstrong
338,Sherryland,Valerie Harvey
339,Harperhaven,Dana Robbins
340,North Monica,Tricia Reed
341,New Christian,Dylan Neal
342,West Edwardville,Lisa Matthews
343,South Angelaberg,Yvonne Garcia
344,Townsendview,Stacey Roberts
345,Muellerport,Patrick Gonzalez MD
346,Port Carmenhaven,Pamela Baker
347,North Justin,Joshua Rodriguez
348,Curtisside,Anita Holloway
349,North Christopher,Kara Carr
350,South Alan,Christopher Lopez
351,Molinatown,Ashley Williamson
352,New Nicholasmouth,Patrick Wright
353,Kaneville,Ashley Joseph
354,Charlesside,George Anderson
355,Hobbsfort,Emily Cherry
356,Hamptonport,Cassidy Lyons
357,Madelineport,Troy Bruce
358,Port Matthewside,Michael Pierce
359,Port Janiceville,Cody Stafford
360,Mitchellside,Carol Williams
361,Colemanburgh,David Griffin
362,Jasontown,Daniel Johnson
363,West Brett,Darin Crosby
364,South Mariahburgh,Jessica Mcfarland
365,Michaeltown,Laura Garza
366,East Deanberg,Daniel Doyle
367,Michelleside,Stephanie West
368,Leachberg,Edward Huffman
369,Lake Randall,Debra Ellison
370,Williamhaven,Kent Jones
371,West Benjamin,Stephanie Smith
372,Jostad,Andrea Padilla
373,Jasonview,Jenna Mullins
374,Theresaville,Alexis Ryan
375,East Dennis,Cynthia Taylor
376,Lake Cory,Allen Davis
377,Martinton,Jessica Barber
378,Lake Kathleenmouth,Brittney Melton
379,Port Leeview,Janet Richardson
380,East Anthony,Brandi Ingram
381,East Meganview,Fernando Manning
382,Port Jackie,Gregory Stanton Jr.
383,Strongview,Julie Wood
384,Bookerborough,Thomas Reeves
385,Port Connorview,Grant Atkinson
386,Ramirezchester,Ariana Long
387,Garyville,Yolanda Mills
388,Kristineberg,John Mahoney
389,Dustintown,Thomas Joseph
390,Susanville,Pamela Carey
391,Georgestad,Bryan Ferguson
392,Espinozaport,Sarah Anderson
393,Jamesberg,Jennifer Boyd
394,Smithside,Ronnie Nelson
395,East Amandaberg,Mikayla Chapman
396,South Alexfurt,Jamie Barton
397,Lake Randymouth,Lisa Ibarra DVM
398,North Jennifershire,Manuel Stanley
399,East William,Randall Deleon
400,West Jessicamouth,Amber Gonzalez
401,East Sarah,Amber Reid
402,Parkberg,Jocelyn Shepherd
403,New Heather,Timothy Henson
404,Taylorberg,Mary Gonzales
405,South Cathyhaven,Dr. Kenneth Jennings
406,Port Emily,Lauren Kennedy
407,East Richard,Carolyn Gonzalez
408,Turnershire,Monica Adams
409,Greenside,Erik Nguyen
410,Smallport,Kevin Cook
411,Lake Williamtown,Jane Rosales
412,Port Juliafort,Steven Higgins
413,West Nicholas,Sharon Ross
414,New Brandon,Ronald West
415,South Kevinville,Christopher Ramirez
416,East Susan,Elizabeth Jenkins
417,West Theresaton,Elizabeth Wolf
418,North Stacyfort,Deborah Adams
419,West Joseph,Latoya Hansen
420,Port John,Joshua Porter
421,Brucemouth,James Yoder
422,New Bernard,Cory Nelson
423,Hallton,Kimberly Phillips
424,Wongmouth,Carly Moon
425,West Richardborough,Kimberly Schneider
426,Lauriefurt,Seth Hurst
427,East Johntown,Omar Taylor
428,East Leonmouth,Leslie Mcmillan
429,West Jeffreyport,Francisco Carr
430,New Jocelyn,David Hall
431,Lisaport,Sarah Myers
432,Port Brett,John Noble
433,East Emilybury,James Turner
434,Port Cristinamouth,Linda Hobbs
435,Onealberg,Dr. Steven Quinn
436,New Susanside,Stephen Bonilla
437,Deanshire,Amanda Parks
438,Johnmouth,Brenda Garcia
439,Maloneland,Joe Singh
440,Cliffordview,Sandra Lewis
441,Kennethfurt,Melissa Rivera
442,Johnstad,Christina Lynch
443,Port Jasonport,Roberto Hayes
444,East Deborah,Julie Johnson
445,Pricemouth,Andrea Lyons
446,Andersontown,Lisa Pearson
447,Jacobmouth,Ashlee Mendez
448,South Melanieborough,Joseph Johnson
449,New Stephaniemouth,Emily Allison
450,Lake Thomas,Mason Esparza
451,Bakerburgh,Thomas Robinson
452,West Blake,Amanda Wilson
453,East Joanne,Tamara King
454,Aaronbury,Melissa Reynolds
455,Wolfeland,Amanda Liu
456,Normanview,Joseph Stephens
457,Walkerland,Leroy Jacobs
458,Melissaborough,Katelyn Johnson
459,South Anthonyside,Ashley Johnson
460,Lake Charlotteview,Tony Jones
461,South Jesse,Rachel Jenkins
462,Albertshire,Martin Jackson
463,Thompsonmouth,Vanessa Hancock
464,North Philipburgh,Noah Novak
465,Port Stephanieville,Jeffery Wolfe
466,Bakerfort,Connie Brock
467,Pamelaton,Brian Johnson
468,Lake Chris,Andrea Ward
469,West Kevin,Sandra Bond
470,East Carlhaven,Kenneth Jones
471,East Trevor,Barbara Gibson
472,New Bradley,Jeffrey Franklin
473,West Cherylville,Scott Taylor
474,Stephaniestad,Lisa Davis
475,Jennifershire,Rebecca Webb
476,Port John,Anthony Rocha
477,Sandovalborough,Denise Schaefer
478,Mitchellbury,Sara Jackson
479,North Bailey,Susan Hardy
480,Conwaystad,Maria Garcia
481,New Misty,Maria Smith
482,North Danaberg,Tammy Yoder
483,East Michele,Cynthia Bernard
484,Susanfurt,Rachel Chapman
485,Victoriashire,Nicholas Holmes
486,Smithside,Vanessa Green
487,Sandraview,Christopher Cohen
488,West Jessicatown,Kristen White
489,New Aaronport,Lori Green
490,Johntown,Allison Davis
491,Dixonhaven,Alexandra Williams
492,West Michelle,Erika King
493,West Bradley,Roger Gomez
494,South Cindyberg,Kenneth Potts
495,North Kristen,Valerie Peterson
496,West Billy,Maria Cannon
497,Lawrenceville,Angela Alvarez
498,West Andrew,Jennifer Foster
499,West Rodney,James Jones
500,Michelleland,Julia Nguyen
501,South Haydenfort,Colin Spencer
502,Michelleville,David Duffy
503,South Tammystad,Jason Price
504,Robertport,Russell Kim
505,South Jason,Matthew Gordon
506,Carmenton,Kyle Holloway
507,West Taylor,Gregory Valentine
508,Holmesfurt,David Alvarado
509,South Jasonchester,Jeremy Mitchell
510,Port Heatherville,Zachary Payne
511,East Travisborough,Jeffrey Garrett
512,Cynthiatown,Mike Chavez
513,Haneyton,Keith Dixon
514,West Gabrielle,Christina Miller
515,Philipfort,Nancy Cohen
516,East Michaelport,Randy Middleton
517,Lake Henrytown,George Riddle
518,Heatherburgh,Joyce Smith
519,East Brian,Roger Spencer
520,New Bettytown,Katherine Garcia
521,East Jennifer,Michael Newton
522,Reevesport,Miranda Jimenez
523,West Wyatt,Benjamin Arroyo
524,South Alejandra,Melissa Zavala
525,Lake Tinabury,Nicole Potter
526,Sherryland,Sean Lopez
527,New Jessica,Dale Townsend
528,North Thomas,Megan Ward
529,West Veronica,Brooke Green
530,Port John,Savannah Douglas
531,Debbieton,Christina Baker MD
532,Tinamouth,Angel Pugh
533,Lake Seanside,Craig Vaughan
534,Mcclainfurt,Jennifer Pruitt
535,Kathrynbury,Victor James
536,East Kevin,James Daniel
537,East Denise,Jennifer Lowe
538,Lake Jacobmouth,Megan Bass
539,East Emily,Elizabeth Bryant
540,New Sandraberg,Michael Horton
541,New James,Jose Anthony
542,Port Nicole,Patrick Reynolds
543,Port Jessicaberg,Brett Williams
544,Lake Derrick,John Garcia
545,Pearsonbury,Lisa Robinson
546,South Andreton,Patricia Harrington
547,East Aaron,Mrs. Cassandra Vaughn MD
548,West Chadstad,Benjamin Bolton
549,North Howard,Joseph Fitzgerald
550,Christineview,Tiffany Gross
551,Bradleyland,Alexander Jones
552,Pereztown,Heather Price
553,South Michelleside,Toni Navarro
554,Annemouth,Melissa Mcclain
555,North Brianhaven,Phillip Coleman
556,Annemouth,Kathy Lloyd
557,Roberttown,Lori Smith
558,East Jonathanport,Teresa Andrews
559,Lake Julie,Cody Boyle
560,South David,Kelsey Keller
561,South Timothyfort,Stephanie Carpenter
562,Port Barbara,Amanda Blair
563,Jamesmouth,Nathan Smith
564,Murphyside,Vanessa Clark
565,East Ashleeport,Nicholas Ortiz
566,Hollandmouth,Rebecca Rivas
567,South Bryantown,Helen Moody
568,South Keith,Juan Rios
569,West Catherineborough,Jennifer Carter
570,Sandovalbury,Melinda Rios
571,Lisaland,James Lowe
572,Lake Lynn,Jason Keller
573,West Johnborough,Jack Chen
574,South Melissaside,Wendy Moore
575,Port Sara,Kevin Butler
576,Christineburgh,Bryan Gibson
577,East Laurenborough,Joel Hardy
578,New Kellyfort,Donna Lawson
579,North Judy,James Mccoy
580,East Erin,Tracy Myers
581,Wendyfurt,Stephanie Mitchell
582,Lesterchester,Nicole Walker
583,New Benjamin,Kim Thompson
584,South Becky,Suzanne Gross
585,Odomland,Elizabeth Ponce
586,Joshuaberg,Robert Sanchez
587,New Elizabethfurt,Kristin Crosby
588,Robertchester,Mariah Vargas
589,Jamesfort,Mr. Melvin Mcdonald
590,Vickiville,Abigail Scott
591,New Thomasport,Nancy Mcdonald
592,North Kimberlyshire,Debra Snyder
593,East Sara,James Fisher
594,Michaelfort,Jonathan Jones
595,New Vincentburgh,Sara Bishop
596,Lake Kristen,Robert Anderson
597,Kevintown,Brooke Wong
598,North Amanda,Brandon Wilson
599,Gregoryview,Jill Fletcher
600,Brittanyborough,Amanda Hansen
601,South Alexis,Donna Lewis
602,Port Dale,Stephen Guerrero
603,Castanedaville,James Ayala
604,Jefferyfort,Tina Watson
605,West Michelle,Julia Roberts
606,Justinchester,Christopher Francis
607,Kellymouth,Deanna Dougherty
608,New Kelly,Ashley Smith
609,Ianfurt,Johnny Hall
610,Johnsonborough,Kevin Miller
611,Coryfurt,Christine Watson
612,Port Coltonside,Robert Baker
613,Carrside,Evelyn Baker
614,East Zacharyfort,Bonnie Wolf
615,South Michellehaven,Jerry Conner
616,Bartonview,Thomas Jackson
617,Wrightberg,Sandra Lynn
618,Ballfurt,Rhonda Parker
619,Coreymouth,Alicia Woodward
620,North Shirleyberg,Brian Kaiser
621,Jordanville,Melanie Patterson
622,Samanthaburgh,Alan Smith
623,North Dalemouth,Emma Thomas
624,Mcintyrehaven,Anne Jacobs
625,Port Jasonport,Tanya Johnson
626,East Julia,Timothy Todd
627,Lake Aaronton,Sarah Chavez
628,Lake Jennifermouth,Bridget Smith
629,Williamfort,Phillip Castro
630,West Austinport,Cathy Wilson
631,Johnsonview,Tiffany Snyder
632,Chrisshire,Allison Mckee
633,Hamiltonfurt,Kirsten Valentine
634,Port Candace,David Fuller
635,Billyview,Yvette Brown
636,New Sara,James Bradshaw
637,Daughertyview,Tina Manning
638,Roymouth,Richard Ayala
639,Santoschester,Julia Hill MD
640,East Maryborough,Joseph Yang
641,Lake David,Mario Robertson
642,Michaelstad,Kaitlyn Watkins
643,North Anthonyton,Gina Jones
644,North Rachelborough,Ann Smith
645,Michaelstad,Kathleen Strickland
646,Wheelerchester,Michael White
647,Millerton,Kenneth Robertson
648,Gabrielleside,Philip Gibson
649,Sheilaville,Sylvia Silva
650,East Rachel,Albert Smith
651,South Ashley,Jason Ferrell II
652,Port Sandra,Roy Shelton
653,East Sandraberg,Mary Floyd
654,Atkinsonport,Daniel Thomas
655,Lake Heatherfort,Raymond Wade
656,Garrettchester,Anthony Meyer
657,Maryborough,James Hernandez
658,Smithside,Alan Henry
659,South Tammymouth,Angela Murray
660,Simpsonside,Alexandra Eaton
661,Floresmouth,Justin Anderson
662,Port Derrick,James Cameron
663,Lake Crystal,Wanda Parker
664,Port Reginaldland,Ashley Wells
665,South Timothy,Katherine Byrd
666,West Martha,Brian Brown
667,Port Alicia,Nicole Robbins
668,Ortizberg,Emily Clark
669,Houseborough,John Mcdaniel
670,South James,Pamela George
671,Dianetown,Sharon Parker
672,South Debraport,John Gonzalez
673,Barnesberg,Robert Stanley
674,New Victoria,Annette Carter
675,South Becky,Jeffery Joyce
676,North Andrea,Katherine Dean
677,Angelashire,Kristine Christian
678,Jasonport,Jason Farley
679,Victoriatown,Nathaniel Baird
680,South Adam,Stephen Hawkins
681,Jameschester,Eric Stewart
682,New Robertchester,Sharon Lopez
683,Lake Apriltown,Diana Keller
684,Bankshaven,Marc Kennedy
685,West Elizabeth,Adam Harris
686,North Gina,Charles Schroeder
687,Jenniferbury,Ronnie Arellano
688,Port Nancy,Barbara Mcdaniel DVM
689,Weaverland,Cynthia Grimes
690,Hansonburgh,Daniel Ford
691,Trevortown,Christopher Mitchell
692,West Adamton,Mary Chapman
693,Tiffanyhaven,Stanley Washington
694,Jessicamouth,Richard Chang
695,New Barbaraview,Daniel Scott
696,Port Jennifertown,Jason Ross
697,West Chad,Keith Carey
698,Port Robert,Mallory Ellis
699,Jasonmouth,Jeremy Leon
700,Scottview,Jennifer Horton
701,North Dawnview,Daniel Lawrence III
702,Parkstown,Melissa Garcia
703,Williamsbury,Carmen Bowers
704,South Monicatown,John Russell
705,East Joshuastad,Joshua Hall
706,Ashleymouth,Emily Campbell
707,New Erik,Carol Morgan
708,New Kenneth,Eric Edwards
709,West Jason,Darlene Stokes
710,Emmaville,Morgan Bean
711,New Cindy,Seth Gould
712,East Kathryn,Adam Grimes
713,Murphyville,Kathleen Merritt
714,East Kevintown,Teresa Lyons
715,West Lorihaven,Zachary Zimmerman
716,Port Matthewstad,Cathy Ho
717,Brianchester,Kimberly Hunt MD
718,North Nicoletown,Amber Sutton
719,Lake Christinaview,Gary Smith DDS
720,Vanessafort,Monica Mcfarland
721,Hernandezfurt,Carmen Smith
722,South Karentown,Chase Palmer
723,West Thomas,Jonathan Murray
724,Tyroneview,Katie Martin
725,Willieland,Kelsey Jones
726,Lake Aaronview,Pamela Juarez
727,Port Joyland,Bradley Perez
728,Turnerchester,Jonathan Frye
729,North Meganborough,Jessica Moyer
730,West Ashley,Kristin Walker
731,West Patriciamouth,Katie Jackson
732,Lake Nicole,Heather Cook
733,Watsonport,Joan Glenn
734,New Erikmouth,Mary Howard
735,Kennethhaven,Monique Martin
736,Kingmouth,Amanda Chavez
737,Port Michael,David Williams
738,Obrienport,John Ray
739,New Helenton,Donald Reid
740,Gregoryhaven,Chase George
741,South Ryanmouth,Tracy Stuart
742,Powersbury,Brenda Rios
743,Yorkberg,Lance Wilson
744,New Jasonshire,Shannon Griffin
745,West Timothymouth,Kathleen Patterson
746,Jamesport,Lawrence Patton
747,Kennethshire,Robert David
748,Jenkinston,Roberta Johnson
749,Lake Tara,Carrie Pratt
750,North Nicolemouth,Alexis Crawford
751,Brooksside,Peter Thomas
752,South Eduardo,Clinton Johnson
753,Johnathanmouth,Reginald Downs
754,East Courtneystad,Christopher Walker
755,North Brianland,Ashley Spence
756,West Melody,Julie Mata
757,Port Matthewberg,David Graham
758,Lake Donna,Samantha Warren
759,North April,Brittany Collins
760,New Angela,Jeffrey Johnson
761,Meganville,Brianna Oneal
762,Danielleport,Tammy Hawkins
763,Christophershire,George Mays MD
764,Matthewland,Richard Roberts
765,West Kyle,George Garcia
766,North Michaelton,Amy Carey
767,Port Jacqueline,Amber Cannon
768,West Hector,Mrs. April Mcguire
769,North Blakefort,Thomas Warren
770,Hughesfort,Heather Gonzalez
771,North Anthony,Patrick Tran
772,Port Amber,Mary Marquez
773,South Nicolefort,Thomas Lopez
774,Francesmouth,Michael Daniels
775,Lake Diana,Kristi Diaz
776,Princefort,Jessica Dorsey
777,South Elizabeth,Michelle Murphy
778,West Raymondtown,Jesus Booker
779,Russellberg,Jacob Fisher
780,Lake Joyceport,Stacie Parsons
781,Lake Carolport,Ralph Burnett
782,New Brenda,Jamie Martinez
783,South Jonathanfurt,Cynthia Robinson
784,Markburgh,Jeffrey Graham
785,Lake Jonathanview,Mrs. Anita Rodriguez MD
786,West Carloston,Lisa Hays
787,Nelsonport,Bethany Pope
788,New Tanyahaven,Chase Gonzalez
789,Owenton,Christine Ryan
790,Angelachester,Alexis Guzman
791,Port Elizabeth,Susan Russell
792,Garymouth,Amy White
793,Carlaside,Christy Delgado
794,North Amanda,Maria Lucas
795,New Courtneybury,Angela Taylor
796,North Lawrencefurt,Brittany Rogers
797,Melissaton,Ashley Evans
798,Amandamouth,Debra Hoover
799,Lake Breanna,Bruce Vazquez
800,West Jennifer,Gregory Holt
801,Taylorshire,John Friedman
802,North Larry,Nathaniel Bishop
803,Lake Stephanie,Alexis Cruz
804,Grantmouth,Brandon Sandoval
805,South Jacob,Susan Nelson
806,New Stephen,Patricia Hamilton
807,New Charles,Michelle Peterson
808,Lisaton,Bryan Banks
809,North Victoria,Nathan Harrington
810,Kristenstad,Erika Summers
811,Johnhaven,Jessica Bell
812,New Joanna,Katelyn Williams
813,Sandersberg,Ryan Clark
814,Lake Brettville,Stephanie Gaines
815,Clarkbury,Peggy Santana DDS
816,Nancyfurt,Lori Brown
817,Hawkinsmouth,Cassandra Lewis
818,North Joshuatown,Anthony Moreno
819,Maryton,Robert Griffin
820,New Ashleyhaven,Amanda Warner
821,Vincenthaven,Kendra Munoz
822,Acostastad,Anthony Clark
823,Garrettport,John Baxter
824,South Michael,Kathryn Jarvis
825,Maxwellshire,Dana Cooper
826,Port Monicaburgh,John Turner
827,Amyhaven,Rachel Mcguire
828,Port Lauren,Faith Hunt
829,Brittanyberg,Martin Jones
830,West Jessicastad,Luis Thomas
831,Victoriaburgh,Kenneth Reed
832,New Whitneymouth,Margaret Marquez
833,Christianburgh,Joseph Johnson
834,West Phillip,Heather Osborne
835,South Rachel,Sarah Cisneros
836,Davidside,Richard Howard
837,Andersonshire,Daniel Johnson
838,East Jeffreyland,Carl Hanna
839,Davidsonmouth,Mr. Jeffrey Ward DDS
840,Sheilaton,Robert Underwood
841,East Sarah,Dustin Perkins
842,South Edward,Joseph Sanchez
843,South Jaclynborough,Scott Oliver
844,Jeremyberg,Gina Hill
845,Lake Courtney,Jennifer Weaver
846,Gregorymouth,Melvin Reid
847,Lake David,Terri Ward
848,South Gabrielleborough,Jacob Norris
849,Andreatown,Larry Rodriguez
850,North Jody,Steven Alexander
851,Cookchester,Kellie Greene
852,Johnchester,Daniel Carlson
853,Jacksonport,Paul Bennett
854,Hansonfort,Christopher Lynn
855,West Rhondafurt,Robert Wiggins
856,North Katherine,Jack Johnson
857,North Ryan,Lauren Johnson
858,Danielberg,Daniel Wise
859,Nicholasmouth,Isaac Lopez
860,Millerton,Christopher Brown
861,East Emilyborough,Christopher Mcneil
862,Pearsonfort,Jessica Myers
863,North Sherriport,Katherine Little
864,South Douglas,Amber Burke
865,Lisaborough,David Melendez
866,North Jessica,Dr. Carrie Lopez
867,Port Tonyafurt,Laura Mccarty
868,West Barbara,Brendan Hutchinson
869,Port Mackenzietown,Julie Wheeler
870,Rogerburgh,Amber Deleon
871,Marieport,Stephanie Patel
872,Lake Susan,Chad Nguyen
873,Figueroaview,Adrian Aguilar
874,Andreafurt,Andrew Wright
875,Lake Susan,Stuart James MD
876,South Kathryn,Carlos Davis
877,Josephland,Diane Smith
878,Lake Kevin,Alex Ramirez
879,New Nancy,Jeffrey Hill
880,Johnchester,Patricia Thomas
881,Clintonchester,David Jacobson
882,Port John,David Mayo
883,Marthaburgh,Russell Roberts
884,New Karabury,Dr. Derrick Cohen Jr.
885,South Bonnie,Joshua Smith
886,Leemouth,Robert Hill
887,New Amy,Mark Bowers
888,Port Maria,Donald Marquez
889,North Adrian,Samuel Blanchard
890,Hernandezview,Jared Hawkins
891,Nicholaston,Katherine Harding
892,Malikview,Shelley Montgomery
893,West Aliceside,David Holder
894,Michaelbury,Theresa Ramos
895,Alexaport,Jerry Lopez
896,South Ricardoport,Brendan Carlson Jr.
897,Justinmouth,Angela Ramirez
898,West Rogerport,Dr. Lori Jacobs
899,New Kellytown,Sherri Velazquez
900,South Courtney,Rhonda Allen
901,Port Jamesbury,Terri Smith
902,Robertchester,Valerie Young
903,Port Janice,Sandra Donovan
904,Ericbury,Christopher Larson
905,Port Laura,Edgar Wilson
906,North Jerryhaven,John Nixon
907,South Joanport,Amanda Gray
908,Bowenside,Henry Gutierrez
909,Jacobville,Sandra Johnson DDS
910,Amandahaven,Hunter Taylor
911,Lake Ashleyton,Whitney Turner
912,Port Adam,Kimberly Robinson
913,Smithville,Kristin Johnson
914,Murillofort,Edward Sims
915,Port Jennabury,Larry Patel
916,Port Jamesland,Jeff Jones
917,Nicoleshire,David Powers
918,Debbiemouth,Duane Lee
919,Lake Laura,Michael Holmes
920,Cassandraland,Melissa Mendez DDS
921,Lyonsstad,Amy Garcia
922,Wyattmouth,Amber Olsen
923,Blairport,Sheila Saunders
924,Hurleyshire,Christopher Davis
925,Boyerchester,Laurie Sanchez
926,South Brandon,Stephen Vincent
927,North Courtneyville,Ashlee Mitchell
928,North Martinside,Christopher Wu
929,West Christinabury,Cheryl Rodriguez
930,New Nicolefort,Courtney Grimes
931,West Sarah,Alicia Palmer
932,East Tinaburgh,Melanie Contreras
933,Port Javier,Marilyn Taylor
934,East Kenneth,Jill Garrett
935,East Suzanneberg,Courtney Hill
936,Meyersburgh,Bruce Frost
937,Alishaview,Kelly Adams
938,New Melindaborough,Douglas Johnston
939,East Rileymouth,Lauren Ray
940,Smithmouth,Joy Jackson
941,West Lauratown,James Collins
942,Lake Samantha,Michelle Moore
943,Port Aliciaborough,Victoria Lara
944,Pruittchester,Samuel Gomez
945,Lake Emilymouth,Rachel Shaw
946,North Jenniferview,Stephanie Hawkins
947,Alisonfort,Tina Stone
948,Rachelside,Brian Robinson
949,East Tammy,Jennifer Jackson
950,North Josephhaven,David Thompson
951,Patelshire,Joshua Palmer
952,Meganview,David Park
953,Dakotaborough,Brenda Terry
954,East Gabrielle,Michael Johnson MD
955,Greenland,Stephanie Parker
956,East Stephanieburgh,Dr. Cody Wolfe Jr.
957,Rosechester,Lisa Robinson
958,Lake Timothy,Debbie Shaw
959,Robinsonport,Elizabeth Walls
960,Beckton,John Moyer
961,Port Teresashire,Stephanie Bailey DDS
962,Laurenhaven,Steven Huber
963,East Denisefurt,Paul Wilkinson
964,Richardsonborough,Joseph Lewis
965,Michellefort,Jodi Gay
966,Thompsonbury,Jessica Peterson
967,Rayside,Rachel Gonzalez
968,West Kyle,James Ferrell
969,Brownville,Haley Watts
970,Nelsonmouth,Mary Rojas
971,Smithmouth,Teresa Lopez
972,New Brianland,Willie Anderson
973,Geraldstad,Jennifer Barron
974,Vickiebury,Brittany Meyer
975,East Denise,Zachary Kelley
976,West Tammy,Michelle Bates
977,North Kevinberg,Bailey Roman
978,Rileyburgh,Victoria Gray
979,Ashleyshire,Emily Murphy
980,Lake James,Jeffrey Bradley
981,Mileschester,Jonathan Peters
982,Lake Lisa,Grant Freeman
983,East Fernando,Lisa Graham
984,South Erinbury,Aaron White
985,Angelaland,Kimberly Smith
986,Lake Kimberly,Kim Salazar
987,Ayalaland,Alexander Garza
988,Starkberg,Mark Chavez
989,Teresahaven,Brooke Francis
990,East Matthew,Chad Ochoa
991,Waltermouth,Timothy Sawyer
992,South Alexandraport,Michael Harris
993,Derekfort,Lauren Joyce
994,Wendyside,Brittany Black
995,Lake Jose,Andrea Larson
996,New Jessica,Donald Snow
997,South Michaelbury,Ryan Owens
998,South Deborah,Shelby Mcdonald
999,New Tammiechester,Eileen Clark
1000,Andrewborough,Erin Wang
