customer_id,name,email,region
1,Brett Cox,jenningskimberly@example.net,North
2,Darren Evans,kenneth91@example.net,South
3,Madison Davis,stuartnicholas@example.net,North
4,Joshua Lopez,yvelasquez@example.com,South
5,Danny Cowan,gdillon@example.net,West
6,Gary Rogers,reidchristine@example.net,East
7,Deborah Morales,agonzales@example.net,South
8,Mr. Anthony Smith,tgonzalez@example.org,East
9,Aaron Cabrera,stefanieboyd@example.com,West
10,Thomas Ibarra,travismark@example.com,South
11,Douglas Anderson,michaelmercer@example.org,East
12,Mr. Jose Williams,esmith@example.org,North
13,Laura Young,delgadolisa@example.net,South
14,Jacob Miller,heathercowan@example.net,North
15,Susan Brock,ahunt@example.net,North
16,Katherine Ellis,nicholeanderson@example.com,South
17,Matthew Fuentes,william37@example.com,East
18,Ricardo Smith,alexa59@example.org,West
19,James Graves,tsuarez@example.com,West
20,Amy Glass,fharvey@example.net,North
21,Christine Montgomery,greenbrandi@example.net,South
22,Desiree Dawson,vbates@example.org,East
23,Bryan Anderson,carrollshannon@example.org,West
24,Julian Reilly,douglasmartinez@example.com,East
25,Sarah Williams,hmiller@example.com,South
26,Ashley Chang,vbass@example.org,South
27,Jeffrey Bailey,courtney62@example.net,North
28,Christine Cooper,alexander47@example.org,East
29,Mary Reid,phopkins@example.org,East
30,Jason Contreras,justinbrown@example.com,South
31,Zachary Reynolds,nicholsonjohn@example.net,South
32,Theresa Morrison,mckenzielauren@example.com,East
33,Daniel White,xmejia@example.org,East
34,Karen Todd,johnny04@example.net,South
35,Allison Jones,blackjames@example.org,South
36,Christopher Burke,chill@example.net,North
37,Kyle Cooper,mitchell36@example.com,West
38,Kristen Rodriguez,murphyshannon@example.org,West
39,Russell Carney,pallen@example.org,West
40,Mary Fisher,kramerdevon@example.org,North
41,Rodney Hensley,emilyhawkins@example.com,South
42,Paul Peterson,hallen@example.net,West
43,Kristina Blackburn,eherrera@example.org,North
44,Christopher Wade,ashleemiller@example.org,West
45,Jeff Jones,gonzalezlindsey@example.net,North
46,Joseph Fox,webersylvia@example.com,East
47,Benjamin Miller,belltanya@example.net,North
48,Heather Rios,ohamilton@example.net,South
49,Todd Marshall,craigcole@example.net,South
50,Donald Owens,kenneth76@example.com,East
51,Willie Maldonado,kaylataylor@example.org,South
52,Kelsey Sherman,patriciaanderson@example.com,North
53,Micheal Owen,craigdeanna@example.com,East
54,Emily Steele DDS,barajaschase@example.com,North
55,Gabriela Duncan,zshah@example.com,South
56,Nicholas Miller,medinamark@example.net,West
57,Kelly Gaines,geoffreymartin@example.org,North
58,Laura Rodriguez,beardadam@example.org,West
59,Brian Roberts,brandy13@example.com,South
60,Nicholas Doyle,michael11@example.org,East
61,Amanda Franklin,woodapril@example.org,East
62,Samuel Schwartz,johngoodman@example.net,South
63,Carla Hughes,amanda75@example.org,North
64,Christy Wilson,fwilson@example.net,West
65,Kayla Thompson,brandon32@example.com,East
66,Christopher Jackson,jonathansherman@example.net,North
67,Jacob Rodriguez,katie20@example.net,North
68,Sean Wallace,sbrewer@example.org,West
69,Kimberly Cox,pstafford@example.com,North
70,Christopher Whitaker,stephaniebennett@example.org,East
71,Shannon Shelton,kgarcia@example.net,West
72,Laura Mcmahon,gregory96@example.net,South
73,Jennifer Maldonado,wiserachel@example.com,North
74,Claire Reed,peterlawson@example.net,West
75,Phillip Thomas,christopherwhite@example.org,West
76,Veronica Thompson,iwade@example.org,West
77,Richard Roman,brianscott@example.org,East
78,Shawna Hernandez,bboyd@example.com,West
79,Christopher Moore,qjones@example.net,East
80,Nicholas Stafford,hernandezdebbie@example.org,South
81,Christina Gomez,brandymiller@example.com,East
82,Terry Mccoy,khanmichael@example.net,South
83,Samuel Martinez,ohess@example.org,North
84,Jose Burgess,gilbertannette@example.com,South
85,Victoria Jackson,bakercorey@example.net,East
86,Justin Weber,kellysimmons@example.net,North
87,Jessica Santos,victoriarios@example.org,North
88,Kendra Warren,joshuapatrick@example.org,North
89,Sharon Bishop,vhinton@example.net,West
90,Stacy Neal,sbyrd@example.org,East
91,Melissa Orozco,patrickmoon@example.com,South
92,Kenneth Nielsen,michaelburton@example.org,East
93,Kyle Greene,rshepard@example.net,South
94,Cameron Taylor,paul19@example.net,North
95,Gene Harvey,xwashington@example.com,East
96,Dana Drake,kjohnson@example.org,West
97,Bridget White,brownmelissa@example.org,North
98,Steven Bishop,crystal90@example.com,West
99,Mr. Jonathan Wright,michaeljones@example.net,West
100,Devin Ross,freemantara@example.org,West
101,Melanie Jenkins,larry24@example.org,West
102,Lisa Johnson,ttaylor@example.com,South
103,Timothy Duncan,gbarrett@example.net,West
104,Nicholas Ruiz,fisherchristopher@example.org,North
105,William Miller,samuelhood@example.com,North
106,Clayton Singleton,katherinebarrett@example.org,East
107,Adriana Weaver,raymond23@example.org,East
108,Donald Cline,howardjennifer@example.net,North
109,Joseph Medina,deleonjeffery@example.org,East
110,Charles Esparza,watkinsolivia@example.com,East
111,Rebecca Armstrong,craig95@example.net,East
112,Robert Serrano,rivaslori@example.com,South
113,David James,gonzalezrachel@example.org,East
114,John Davis,kgill@example.net,West
115,Kimberly Zhang,vflowers@example.org,North
116,Sheryl Bridges,ematthews@example.org,East
117,Samuel Anderson,gshepherd@example.com,West
118,Gary Young,jimmy82@example.net,North
119,Mark Farley,rturner@example.org,East
120,Tanner Hall,qrivers@example.net,East
121,Steven Romero,pbuckley@example.net,West
122,John Hanna,marissa83@example.org,North
123,Patricia Jackson,kpotter@example.org,North
124,Larry Ryan,rebekah04@example.com,North
125,Scott Reynolds,conleymartin@example.com,South
126,Christopher Roberts,carterrenee@example.com,North
127,Michael Hernandez,karen95@example.net,West
128,Alexandra Wilson,fullerdavid@example.net,North
129,Philip Dominguez,jamesrush@example.org,West
130,Miss Mary Alvarado,xcummings@example.com,East
131,Dr. Derrick Oneal DDS,sean37@example.org,North
132,Gail Wells,xwaller@example.com,North
133,Lindsay Lewis,alanbarnes@example.com,East
134,Robert Martin,frostmaria@example.org,South
135,Joyce Brown,kevin84@example.net,North
136,Cindy Rosales,andrewsmith@example.org,North
137,Rebecca Mccoy,dking@example.com,East
138,Christie Robinson,alee@example.org,South
139,Steven Khan,hallmalik@example.net,West
140,Robert Brady,navarrochristian@example.com,East
141,Michael Martin,brandy98@example.org,South
142,Michael Wright,ylopez@example.org,East
143,Joshua Ramirez,ronaldjimenez@example.com,West
144,Jacob Rodriguez,elliottdebra@example.org,North
145,Angela Hobbs,graykim@example.com,East
146,Ian Mcfarland,umacias@example.org,West
147,John Mccormick,fhutchinson@example.com,South
148,Tracey Anderson,andrew76@example.net,East
149,William Butler,joshua06@example.com,West
150,William Hoover,lrussell@example.org,South
151,Jason Williams,brian33@example.net,East
152,Jessica Bennett,hoffmanvanessa@example.com,South
153,Meghan Carpenter,shepherdandrew@example.net,South
154,Cameron Bullock,nsnyder@example.net,West
155,Michelle Pitts,madelinedaugherty@example.org,North
156,Dr. Janice Johnson,dwaynedaniel@example.com,North
157,Sharon Hart,fuenteslindsey@example.org,South
158,Dustin Johnson,april60@example.org,East
159,Steven Lane,gabriellawilliams@example.org,East
160,Melissa Nelson,fbrown@example.net,East
161,Jasmine Perez,owallace@example.net,West
162,Meghan Gray,laurendavis@example.net,West
163,George Ramsey,rebeccalewis@example.org,East
164,Edward Landry,amyray@example.net,East
165,Matthew Bauer,wilkinsonbobby@example.net,East
166,Christopher Singleton,lisawhite@example.org,East
167,Heidi Smith,nadams@example.org,North
168,Steven Allen,erintaylor@example.net,East
169,Rebecca Williams,morgancampbell@example.net,West
170,Danny Rodriguez,jolson@example.net,South
171,Virginia Harrell,ycampbell@example.net,East
172,Melanie Page,nataliepotter@example.net,East
173,Colleen Simon MD,olivia25@example.net,South
174,Thomas Arnold,laurenmarks@example.com,East
175,Ricky Jimenez,dhall@example.net,South
176,Courtney Jordan,tvega@example.org,North
177,Alyssa Johnson,kcrawford@example.net,East
178,Eric Patel,tammynorris@example.com,North
179,Lisa Burton,crossrachel@example.net,North
180,David Hull,brandy47@example.com,South
181,Karen Robinson,deleonstacy@example.com,North
182,Robin Ruiz,gerald87@example.net,South
183,Dr. Alexandria Turner,chasesosa@example.com,North
184,Paige Jones,qmerritt@example.net,North
185,Cindy House,caitlynbruce@example.org,South
186,Rebecca Shaw,karenmoore@example.com,West
187,Claudia Hernandez,brayphillip@example.org,East
188,Brianna Bryant,davissuzanne@example.com,North
189,Scott Harris,spalmer@example.org,North
190,Shane Morrison,kellykimberly@example.org,South
191,Zachary Marshall,mnorman@example.net,East
192,Jillian Rosales,scottarmstrong@example.net,South
193,Michael Black,melvinwilliams@example.com,South
194,Michael Reid,bryan49@example.net,East
195,Linda Medina,peter55@example.net,East
196,Michael Boyd,ashleyshepherd@example.org,West
197,Nicholas Jackson,ronaldmcguire@example.com,East
198,Elizabeth Garcia,qwalker@example.com,South
199,Danielle Stevenson,adriennecarroll@example.net,North
200,Heidi Cline,cross@example.net,East
201,Audrey Parrish,sfowler@example.org,South
202,Amy Khan,jeffrey03@example.org,North
203,Carlos Taylor,lesterrebecca@example.net,North
204,Michele Cabrera,brandilane@example.com,East
205,Nicole Hughes,shill@example.org,North
206,Sandra Martinez,robert44@example.com,West
207,Lisa Brown,smithlinda@example.org,East
208,Lindsey Miller,williamscynthia@example.net,South
209,John Gonzalez,swansonmarie@example.net,West
210,Matthew Johnson,barnesmartha@example.net,South
211,John Moore,cassidymartin@example.com,East
212,Emma Hooper MD,rachelvilla@example.com,West
213,Sonya Wright,catherine46@example.net,West
214,Michelle Morgan,haguirre@example.net,East
215,Joseph Mendez,tracy51@example.com,East
216,Brandy Zimmerman,sherrybrown@example.net,South
217,Justin Haley,cmeyer@example.net,South
218,Mary Cooper,riosdanny@example.org,East
219,Lee Wilson,michael73@example.org,West
220,Laura Sherman,mayosamantha@example.com,South
221,David Hale,waynejones@example.org,South
222,Joy Lambert,chelseapetersen@example.net,East
223,Amy Abbott,pughmicheal@example.net,North
224,Jennifer Anderson,ocharles@example.org,East
225,Jennifer Mcclain,bvelazquez@example.com,East
226,Danielle Nguyen,hjacobs@example.com,North
227,Natalie Whitaker,wendyprice@example.com,North
228,Amanda Morris,glenn81@example.com,West
229,Shaun Perez,cbruce@example.net,East
230,Belinda Bailey,monicarichardson@example.org,West
231,Jeffery Payne,nicholas91@example.org,West
232,Helen Smith,deannayoder@example.net,North
233,Hunter Hernandez,fcallahan@example.net,South
234,Curtis Smith,shanedeleon@example.com,West
235,David James,christian83@example.org,East
236,Natalie Taylor,garciapeter@example.com,North
237,Christopher Gonzales,terrijones@example.org,North
238,Alan Diaz,kelly61@example.org,East
239,Joshua Willis,vpatterson@example.com,North
240,Robert Fischer,ann68@example.org,East
241,Joseph Kelly,sarahflores@example.org,North
242,Joshua Baker,hbowman@example.org,West
243,Tiffany Smith,yjoyce@example.net,East
244,Rebecca Anderson,jessesharp@example.com,West
245,Dr. Jorge Young Jr.,derricklopez@example.org,East
246,Diane Hardin,kristincampbell@example.com,South
247,Kyle Hill,bobboyd@example.org,East
248,Noah Barron,charles59@example.net,East
249,Charles Hernandez,comptonjasmine@example.org,North
250,Annette Ross,jennifer43@example.org,South
251,Lisa Peterson,bakermark@example.net,East
252,Sandra Kramer,kaiserashley@example.org,West
253,Sarah Mitchell,vchristian@example.net,South
254,David Malone,meagan37@example.net,North
255,Jose Webster,valerie14@example.org,West
256,Sarah Jones,rebecca78@example.org,South
257,Nancy Massey,sstuart@example.org,East
258,Chad Schaefer,jennifer97@example.net,West
259,Gabriela Gould,sallen@example.org,East
260,David Gray,stephaniebray@example.org,East
261,Sarah Brown,christopher66@example.org,North
262,Julia Price,timothycampos@example.org,East
263,John Gutierrez,npotter@example.com,West
264,Sherry Evans,anthonyrobinson@example.com,East
265,Anna Garcia,dylanjackson@example.com,North
266,Derrick Chang,vdavis@example.org,North
267,Kayla Payne,ksosa@example.org,South
268,Jennifer Rogers,dmarsh@example.org,East
269,Jonathan Clarke,yhughes@example.net,East
270,Jordan Tate,maria77@example.net,South
271,Cheryl Jimenez,dominiquebennett@example.net,North
272,William Cain,colejames@example.org,South
273,Mr. Kyle Stone,dawn90@example.org,East
274,Carrie Barber,courtney49@example.org,North
275,Mark Rogers,dford@example.org,South
276,Carolyn Burke,harold54@example.com,West
277,Michael Lopez,gsmith@example.org,North
278,Kevin Crawford,ryanhenry@example.org,West
279,Danny Robertson,ryanbrenda@example.org,North
280,Jordan Spencer,johnsonkatherine@example.org,South
281,Laura Ferguson,armstrongdonna@example.net,East
282,Marissa Hodge,ericrivera@example.org,West
283,Richard Hines,orrmeagan@example.com,South
284,Maureen Tyler,ericafitzgerald@example.net,West
285,Danielle Kirk,pbarnes@example.com,East
286,Michael Ortiz,kellythompson@example.net,East
287,Amy Reeves,davidbaker@example.org,West
288,Richard Leonard,ryan94@example.net,South
289,Michelle Michael,cheryl55@example.net,East
290,Stephanie Ray,christinewilson@example.net,North
291,Rebekah Davis,rollinscourtney@example.org,North
292,Jaime Rowe,juliehood@example.org,South
293,Jennifer Pierce,rclark@example.net,South
294,Alexander Barrera,smithwilliam@example.net,West
295,Jennifer Stevens,craigmichele@example.com,North
296,Jordan Taylor,dennis87@example.net,North
297,Nicholas Stevenson,jeremy50@example.net,West
298,Joshua Adams,tberry@example.com,West
299,Joshua Randall,gbrown@example.net,North
300,Joseph Coleman,ssingh@example.org,East
301,Monica Donovan,michelle23@example.net,West
302,Michael Nichols,esaunders@example.com,West
303,Jessica Johnson,nharris@example.org,East
304,Alexander Burton,agray@example.com,West
305,Diane Brown,mcruz@example.net,South
306,Kevin Powell,sarathomas@example.com,North
307,Keith Miller,renee31@example.net,South
308,Aaron James,joshua84@example.net,West
309,Michelle Brown,spencejoy@example.com,North
310,Edwin Martinez,gflores@example.com,North
311,Glenda Clark,tylerhamilton@example.net,North
312,Emily Griffin,zacharybauer@example.org,South
313,Jorge Hamilton,john11@example.org,South
314,Adam Aguilar,huntersamantha@example.net,East
315,Logan Burgess,dcox@example.com,North
316,Toni Dorsey,thomasbrian@example.net,South
317,Katrina Chapman,richardsjoshua@example.net,North
318,Lisa Hunt,jesuswyatt@example.net,West
319,Nicole Beltran,bakerjason@example.org,West
320,Kevin Howard,michaelwade@example.net,North
321,Jesus Campbell,lawrencereyes@example.net,West
322,Catherine Morrison,hoffmanzoe@example.com,West
323,Caroline Duffy,hudsoncarol@example.org,North
324,Samuel Castillo,mshepherd@example.com,South
325,Alvin Powers,deborahboyle@example.org,South
326,Deborah Schmitt,jameswalker@example.org,South
327,Danielle Wagner,zacharypearson@example.net,East
328,Bobby Peterson,murphybenjamin@example.com,West
329,Kathleen Bowers,utate@example.org,South
330,Robert Moore,burgessalicia@example.org,North
331,Alison Kelly,craig69@example.org,South
332,Brendan Williams,ogonzales@example.net,South
333,Ryan Barr,frederick91@example.net,West
334,Tiffany Brown,bperez@example.org,North
335,James Norman,othomas@example.org,East
336,Natalie Alexander,jeremiahhamilton@example.net,North
337,Dylan Smith,jenniferburns@example.com,South
338,Joan Winters,sandrawilson@example.org,North
339,Janet Nguyen,jenningswendy@example.com,West
340,Justin Johnson,kobrien@example.org,West
341,Justin Clark,ccline@example.net,South
342,Stacy Moss,chadvalenzuela@example.com,West
343,Chelsey Guerrero,dmiller@example.org,West
344,Brenda Ross,millscharles@example.com,South
345,Nicholas Shah,travistaylor@example.net,East
346,Angela Patrick,tami85@example.org,West
347,Michael Downs,inavarro@example.org,East
348,Brianna Myers,vanessa51@example.com,East
349,Cheyenne Howell,annguerra@example.net,South
350,Tyler Spears,bartonruth@example.com,South
351,Anthony Powell,roserichard@example.com,West
352,Charlene Walker,deborahmitchell@example.com,North
353,Justin Williams,gainesmatthew@example.org,North
354,Amanda Bartlett,cookdanny@example.net,South
355,Austin Moore,kurt48@example.org,South
356,Scott Barnes,jonescatherine@example.com,East
357,James Lewis,barbara27@example.com,South
358,James Adams,davidharrison@example.com,West
359,Michael Taylor,bill58@example.org,East
360,Joseph Matthews,olsenjoel@example.net,East
361,Garrett Lee,jcantu@example.net,North
362,Mary Vang,beardjennifer@example.net,North
363,Sean Wright,pflores@example.com,South
364,Sarah Hall,melissabaker@example.com,West
365,Robert Simmons,kellyross@example.org,East
366,Nathaniel Walker,rita27@example.org,West
367,Tara Salazar,nicholaswilson@example.org,North
368,Susan Richard,alvaradojerry@example.net,West
369,Donald Lewis,miguel33@example.org,South
370,Chad Williams,rhull@example.org,West
371,Katie Williams,omcintosh@example.org,West
372,Morgan Miller,amyarnold@example.net,West
373,Jessica Boyer,taylorbenson@example.org,East
374,Sheena Soto,amandascott@example.org,West
375,Miranda Johnson,blacknathan@example.org,West
376,Russell Ball,mtyler@example.com,East
377,David Burton,coxsharon@example.net,West
378,Brian Ross,sotostephen@example.net,South
379,Larry Woods,claytonrobert@example.org,South
380,Michael Wagner,robinsonsylvia@example.com,East
381,Wendy Munoz,gina97@example.org,South
382,Barbara Smith,thomasgreen@example.com,North
383,Angela Andrews,armstrongsamuel@example.org,East
384,Amy Smith,sharrison@example.org,East
385,Tammy Jones MD,james84@example.net,East
386,Mr. Michael Daniel Jr.,amber73@example.com,West
387,Dawn Ramirez,ashley80@example.com,East
388,Karen Jennings,kimberlycrawford@example.net,West
389,Nicole Payne,michellejordan@example.com,West
390,Anthony Mendoza,hicksamy@example.com,East
391,Angelica Jones,heatherarias@example.org,South
392,Todd Hansen,bjohnson@example.net,North
393,Lori Monroe,fdean@example.net,South
394,Mrs. Emily Smith,knappjames@example.net,West
395,Mrs. Jennifer Johnson,garnerjoseph@example.com,North
396,Jamie Alexander,heidihorton@example.com,East
397,Robert Williams,basslori@example.com,South
398,Eric Todd,johnbates@example.org,East
399,Samantha Obrien,keithjean@example.org,East
400,Victoria Pratt,john49@example.org,West
401,Julie Williams,karen74@example.net,South
402,James Beasley,penasean@example.com,South
403,Mary Johnson,christyfitzpatrick@example.com,West
404,Leslie Bailey,cwood@example.net,West
405,Brandon Atkinson,daniel78@example.net,East
406,Zachary Caldwell,jennifer82@example.com,East
407,Savannah Thomas,cramos@example.net,North
408,Stephanie Gonzales,carlarmstrong@example.net,North
409,Ryan Carter,marvinfreeman@example.com,South
410,Russell Weaver,lambelizabeth@example.net,South
411,Tina Hardy,lewissharon@example.com,West
412,Christopher Valencia,weeksjason@example.com,West
413,Kevin Gay,daniel13@example.org,West
414,Lauren Rivera,wjohnson@example.net,West
415,Ashley Williams,mosesmonica@example.com,South
416,Stacy Kelly,adriancook@example.net,West
417,Jason Fletcher,mooretracy@example.org,East
418,Bailey Cooke,davidcruz@example.com,North
419,Gloria Castillo,victor91@example.net,North
420,Amanda Marshall,anna56@example.org,East
421,Joseph Johnson,nataliele@example.com,East
422,Keith Porter,joe17@example.net,West
423,Molly Guzman,susan12@example.com,West
424,Lauren White,wendymiller@example.org,South
425,Matthew Patel,suzannewarner@example.com,East
426,Brian Garcia,matthewslaura@example.org,East
427,Sharon Walker,boydashley@example.org,East
428,Gabriela White,coopergregory@example.org,North
429,Caleb Jones,kathrynbaldwin@example.org,South
430,Tina Curry,gonzalezelizabeth@example.org,West
431,Robin Freeman,atkinsonmiguel@example.net,North
432,Scott Green,jeffrey81@example.org,South
433,David Garcia,sotogloria@example.com,South
434,Joshua Sanchez,zbaker@example.com,West
435,Shelby Mitchell,heathersullivan@example.org,East
436,James Phillips,medinaaustin@example.net,West
437,Mark Roberts,hunterdaniel@example.net,West
438,Veronica Davis,mhale@example.net,North
439,Danny Cline,eric08@example.org,West
440,Rita Patterson,kjohnson@example.net,East
441,Catherine Bradshaw,brian67@example.net,West
442,Tim Martinez,charles78@example.com,South
443,Karen Barker,moyerwilliam@example.net,South
444,Debra Patterson,alexandertyler@example.net,North
445,Troy Martin,jameswood@example.com,North
446,Lori Lyons,nelsonkathy@example.com,North
447,Heather Ramos,ashley01@example.com,West
448,Michael Miller,luis87@example.net,North
449,Meghan Mendez,robin97@example.org,West
450,Paula Herrera,shurst@example.com,West
451,Shelly Harris,patrickmorales@example.org,East
452,Bryan Harvey,petersdavid@example.org,West
453,Mark Fisher,venglish@example.net,East
454,Tracy Conner,ostewart@example.com,South
455,Jennifer Hubbard,frederickhoward@example.org,East
456,Trevor Bradford,paulcastillo@example.net,North
457,Ian Wilson,ilawson@example.net,East
458,Brian Rodriguez,plara@example.org,East
459,Anna Cooper,lhill@example.org,South
460,Donna Greene,joseph42@example.net,North
461,Hailey West,kyle01@example.net,East
462,Patrick Welch,kendra47@example.org,North
463,David White,dustinyoung@example.net,East
464,Isabella Willis,sean88@example.org,East
465,Timothy Watkins,johnchen@example.org,South
466,Daniel Best,andre27@example.net,East
467,Linda Wilcox,belljames@example.org,North
468,Jennifer Calderon,joelsanchez@example.com,West
469,Brent Hughes,kimberly97@example.org,West
470,Mary Lara,sheila81@example.net,East
471,Heather Rios,bgarrett@example.org,West
472,Anthony Snyder,jason01@example.net,South
473,Bryce Francis,ryan16@example.com,East
474,James Martinez,melissa32@example.com,West
475,Brandon Smith,tcampbell@example.com,South
476,Benjamin Patel,wilsoncharles@example.org,North
477,Anthony Jones,amylopez@example.org,South
478,Sean Wong,alexandrabuchanan@example.net,West
479,Victoria Nelson,glivingston@example.org,West
480,James Christensen,stevenware@example.net,West
481,Mitchell Bates,bmack@example.net,East
482,Erin Wells,shawndunlap@example.com,East
483,Albert Ortiz,kristine37@example.org,West
484,Samuel Riddle,knoxbonnie@example.org,East
485,Deborah Perez,millerjason@example.com,South
486,Michael Roach,abates@example.org,South
487,Martin Jimenez,edwincook@example.com,South
488,Stephen Page,bakertammy@example.com,North
489,Lisa Chavez,kramirez@example.net,South
490,Beverly Morgan,kimberlybutler@example.net,West
491,Stephen Torres,ddorsey@example.org,North
492,Jordan Zimmerman,oroberts@example.com,West
493,Bobby Higgins,douglassmall@example.net,East
494,Vanessa Shea,jayhaynes@example.org,South
495,Sabrina Gutierrez,nelsoneric@example.com,South
496,Brandon Wise,allennatalie@example.com,South
497,Jay Rivera,jamestaylor@example.net,West
498,Bridget Baker,maureen30@example.net,North
499,Ernest Morton,marcus58@example.com,West
500,Tiffany Lee,davidsmith@example.net,East
501,Melissa Garcia,alejandra30@example.net,West
502,Corey Bartlett,fquinn@example.net,East
503,Brett Mcbride,xyoung@example.org,East
504,Mark Mathis,lisawashington@example.com,North
505,Amy Parker,lpayne@example.com,East
506,Tom Rodriguez,lperez@example.net,North
507,Francisco Fischer,sheltonelizabeth@example.com,East
508,Terri Hill,bryannelson@example.org,South
509,Michael Holland,johnsonaaron@example.net,North
510,Jeanette Short,christophermcbride@example.org,West
511,Teresa Williams,jefferyhenderson@example.com,West
512,David Ramirez,whitneyharris@example.org,South
513,Elizabeth Nguyen,torresrobert@example.com,South
514,Leslie Webb,jgibson@example.com,South
515,Renee Miller,jacksonchelsea@example.org,East
516,Kirk Bowers,santiagomichael@example.org,East
517,Janet Walker,danielleward@example.org,North
518,Ian Cox,melissaruiz@example.org,West
519,Angel Archer,jennifer21@example.org,South
520,Sharon Banks DDS,yorkcharlotte@example.net,North
521,Katherine Nelson,wcole@example.org,South
522,Christopher Anderson,moorejacqueline@example.com,South
523,Christie Anderson,annmckenzie@example.net,East
524,Pamela Davis,kylestewart@example.com,East
525,Brandon Jones,dnguyen@example.com,North
526,Jessica Monroe,sergio43@example.com,North
527,Daniel Nichols DDS,christinajimenez@example.com,East
528,Brian Carr,hannalynn@example.org,North
529,James Strong,victoria84@example.org,West
530,Christopher Fuller,johnroberts@example.com,West
531,Michelle Taylor,thomasrangel@example.com,South
532,Scott Johnson,martinezjaclyn@example.net,West
533,Betty Juarez,kristacampbell@example.org,South
534,Kevin Taylor,fletcherrobert@example.net,East
535,Mitchell Wilson,michaeldavies@example.com,West
536,Jeffrey Gilbert,henrymark@example.net,West
537,James Lambert,ccarlson@example.net,North
538,Catherine Davis,elizabeth12@example.net,South
539,Ashley Durham,tyler63@example.org,West
540,Jessica Carpenter,egutierrez@example.org,North
541,David Fowler,williamsmary@example.org,South
542,Patricia Walsh,gregoryhumphrey@example.com,South
543,Amanda Gonzales,susanward@example.com,East
544,Karen Lopez,yhuff@example.org,South
545,Tyler Richardson,hrich@example.com,North
546,Elizabeth Brown,michaeldunlap@example.org,East
547,David Davis,krista85@example.org,East
548,Mary Boyd,wkennedy@example.org,West
549,Emily Randolph,whitneymarc@example.com,South
550,Crystal Baker,darren27@example.org,North
551,Jeffrey Mendoza,dchambers@example.org,West
552,Matthew Perez,kathleenhernandez@example.com,West
553,Gary Cannon,rose28@example.net,East
554,Jeremy Hall,jlong@example.net,South
555,Jennifer Mcconnell,prichards@example.net,East
556,David Pugh,steve36@example.org,North
557,Jacob Prince,qlong@example.com,East
558,Renee Ware,faulknerdaniel@example.net,South
559,Rachel Wright,edwardtodd@example.net,East
560,Gina Watts,frazierthomas@example.org,West
561,Jessica Brooks,cturner@example.org,West
562,Julie Brown,zcole@example.org,North
563,Diana Richardson,lopezemily@example.org,West
564,Angela Perez,otaylor@example.net,South
565,Samantha Richardson,brittanygonzalez@example.org,South
566,Mrs. Nancy Holmes,jasmin56@example.org,South
567,Tanya Santos MD,zsmith@example.org,South
568,Timothy Dillon,cpeterson@example.net,West
569,John Perez,curtisbradshaw@example.org,West
570,Sydney Harper,reedjessica@example.org,West
571,Vincent Wilson,taylorrandolph@example.org,South
572,Brittney Scott,ocross@example.org,North
573,Sonia Hunt,khanjaime@example.com,East
574,Brittany Schultz,fernandezjustin@example.net,North
575,Ryan Benjamin,michaelsnyder@example.com,North
576,Amy Krause,whitejohn@example.com,East
577,Susan Nelson,curryteresa@example.com,North
578,Daniel Jenkins,youngbrian@example.com,East
579,Bailey Williams,lori96@example.net,West
580,Daryl Garcia,jenniferherrera@example.net,West
581,William Jones,garrettjustin@example.net,East
582,Michael Sharp,victoria19@example.com,West
583,Aaron Long,nharding@example.net,West
584,Jocelyn Mathews,diazjessica@example.org,South
585,Nancy Mason,rachelfuller@example.com,East
586,Traci Thomas,georgephillip@example.net,West
587,Theresa Shaffer,rachelgarza@example.net,West
588,Michael Yoder,lmcintyre@example.com,North
589,Kristina Hayes,scottalexandra@example.com,South
590,Steven Key,lperez@example.org,North
591,Michael Wright,thomascross@example.org,South
592,Bethany Randall,julie22@example.com,South
593,Julia Gardner,alogan@example.org,East
594,Cheryl Vasquez,kevindeleon@example.org,West
595,Joseph Perez,brandi98@example.net,East
596,Kevin Molina,padillajoel@example.org,West
597,Robert Carter,bretthall@example.com,North
598,Susan Kim,allison92@example.com,West
599,Kenneth Torres,wesley29@example.com,South
600,Lauren Mcdonald,alyssa55@example.com,North
601,Kathy Smith,kelly94@example.org,North
602,Charlene Wolfe,clarkdaniel@example.com,East
603,Jody Velez,fthomas@example.org,South
604,Nicole Farrell,gerald21@example.com,South
605,Susan Morgan,lbarker@example.org,West
606,Julie Smith,jasonsims@example.net,East
607,Valerie Campbell,tford@example.net,East
608,Valerie Anderson,hamiltonryan@example.org,West
609,Rhonda Howard,angelanicholson@example.com,North
610,Dawn Neal,shepherdjessica@example.org,East
611,John Bishop,yolandaanderson@example.org,South
612,Jordan Smith,wholt@example.com,East
613,Amber Lang,anthonygonzalez@example.net,East
614,Michael Hanson,mharris@example.com,South
615,Matthew Banks,angelroberts@example.com,North
616,Jennifer White,sgilmore@example.org,West
617,Ruben Ortega,sray@example.org,South
618,Kevin Mckinney,leecharlene@example.org,South
619,Sharon Chapman,kellerdarren@example.org,West
620,Natalie Anderson,clarkbrooke@example.com,West
621,Anna West,erivers@example.com,South
622,Glen Webster,nicole46@example.org,East
623,Karen Garner,blakericky@example.com,North
624,Jacob Edwards,ecross@example.net,South
625,Paul Clark,qgonzales@example.net,West
626,David Chambers,robertpowell@example.org,South
627,Tabitha Pierce,christopher34@example.com,North
628,Donna Rodriguez,beth84@example.com,East
629,Lauren Williams,anthony38@example.com,North
630,Amy Lindsey,tgomez@example.org,North
631,Ariana Stephens,pollardpamela@example.net,West
632,Veronica Hamilton,owilcox@example.net,South
633,Zachary Horn,ygalloway@example.com,West
634,Joshua Austin,iprice@example.com,West
635,Sabrina Guerrero,zcrawford@example.com,North
636,Robert Haney,codyblankenship@example.net,South
637,Jesse Harding,alvaradomatthew@example.org,North
638,Charles Saunders,pyoung@example.org,South
639,Charles Glover,sarahpatterson@example.net,South
640,Jeremiah Spencer,tjones@example.net,South
641,Brandi Henderson,rachel21@example.com,South
642,Krista Willis,emily46@example.com,East
643,Stephanie Mason,elewis@example.com,South
644,Erin Duke,wriley@example.org,North
645,Jennifer Merritt,marilynhart@example.org,East
646,Melissa Heath,conniefernandez@example.net,East
647,Randy Cox,karltorres@example.org,South
648,Mrs. Jasmine Collier,unichols@example.net,West
649,Mrs. Michelle Martinez,martinemily@example.net,East
650,Erin Trevino,shelbyreyes@example.net,West
651,Rachel Moore,ryan63@example.org,South
652,Anita Clark,cassandraalvarado@example.net,West
653,Vernon Owens,zdaniels@example.net,North
654,Ashley Rowe,wheelerandre@example.com,South
655,Richard Mitchell,williamsbryan@example.net,South
656,Steven Lamb,watkinsdonna@example.org,South
657,Steven Russell,sferguson@example.net,North
658,Alison Bennett,reginald25@example.com,West
659,Nathan Newman,lauralindsey@example.com,North
660,Teresa Mejia,nchapman@example.net,East
661,John Lopez,elizabeth43@example.net,South
662,Jessica Willis,robertohubbard@example.net,North
663,Austin Scott,shannonsanders@example.net,East
664,Jeffrey Mahoney,lisamiller@example.org,East
665,Samantha Munoz,robin29@example.net,West
666,Andrew Hill,anthony25@example.net,North
667,Kelly Ross,uwright@example.net,East
668,Kelly Wright,yatesjames@example.net,North
669,Jason Hood,clairelamb@example.org,South
670,Charles Rodriguez,drangel@example.com,West
671,Danielle Moore,qdiaz@example.com,West
672,Amanda Turner,pettyallison@example.org,East
673,Melissa Diaz,tmiller@example.net,North
674,Bill Fisher Jr.,manuel93@example.org,West
675,Teresa Mcmahon,stevenjones@example.org,North
676,Mark Torres,lisa98@example.net,East
677,Thomas Richardson,browndavid@example.com,South
678,Sara Mack,winterslindsey@example.net,West
679,Stephanie Hammond,fdunn@example.com,North
680,Diane Mccarthy,amy09@example.net,West
681,Michelle Hall,tony59@example.org,West
682,Gregory Cox,benjaminjames@example.com,East
683,Cheyenne Palmer,jennifergrant@example.com,South
684,Cynthia Henry,sheilaparker@example.com,North
685,Chad Myers,wattspaul@example.org,East
686,Deborah Harris,jonathanwilliams@example.net,West
687,Alexis West,gjones@example.org,North
688,William Stephens,shannon08@example.com,South
689,Jamie Rogers DDS,david86@example.net,South
690,Michael Mills,emilyjohnson@example.net,North
691,Sandy Bailey,darrellfoster@example.com,West
692,Shelby Nash,tammylee@example.com,East
693,Keith Obrien,utate@example.com,West
694,Joseph Gonzales,lisa45@example.org,East
695,Kevin Thomas,fishercourtney@example.com,South
696,Michael Cunningham,hannahcook@example.com,North
697,Joseph Thompson,whitebryan@example.com,South
698,Alexander Morris,josemiranda@example.com,East
699,Raymond Wagner,kevinpatterson@example.org,West
700,Jenna Sloan,iwest@example.com,West
701,Victoria Hanna,terry88@example.org,South
702,Andrew Anderson,erica74@example.com,South
703,Brandon Church,preston62@example.org,East
704,Jacob Choi,craig05@example.net,West
705,James Lamb,jeffsutton@example.com,West
706,Denise Cox,fordchad@example.org,South
707,Barbara Arnold,collinsjennifer@example.org,South
708,Malik Moore,robert12@example.net,South
709,Charles Flores,harveyamber@example.com,South
710,Brian Davidson,rhall@example.com,West
711,Melissa Evans,samanthamarks@example.org,South
712,Daisy Martinez,nathan55@example.net,East
713,William Davis,mallory31@example.org,North
714,William Ingram,scottgray@example.net,South
715,Garrett Miller,sharonmartin@example.org,East
716,Scott Montgomery,foxnicole@example.net,West
717,Alicia Roberts,ryan35@example.com,North
718,Anthony Conner,lydiahull@example.net,West
719,Cheryl Tucker,umitchell@example.org,West
720,Randall Butler,meganpeters@example.org,East
721,Kylie Richards,alicia93@example.org,East
722,John Sims,xgonzalez@example.com,East
723,Debra Torres,michael83@example.com,North
724,Mr. Alexander Long DDS,kmiller@example.org,North
725,Alicia Brown,jhancock@example.net,North
726,Cynthia Park,lance05@example.org,North
727,Theresa Rivas,beardcrystal@example.net,North
728,Amber Wallace,douglasbaldwin@example.com,East
729,Bradley Flores,bweiss@example.org,West
730,Lori Brock,millernatasha@example.org,North
731,Robert Dorsey,kelleymolly@example.net,East
732,Christine York,lauren74@example.com,West
733,Jonathan Harper,zbrady@example.com,West
734,Gregory Espinoza,nguyenwilliam@example.com,West
735,Stephanie Gregory,sotomorgan@example.org,North
736,Emily Parsons,andreafisher@example.org,North
737,Matthew Crawford,edwardsmichelle@example.org,East
738,Thomas Frey,toddmayo@example.com,North
739,Jeffery Wilson,ypeterson@example.com,North
740,Eric Wilson,justinlewis@example.org,East
741,Kelsey Smith,rbrown@example.com,South
742,Tammie Fletcher,larryanthony@example.org,East
743,James Rodriguez,santoscynthia@example.net,East
744,Joshua Patterson,rogerwhitehead@example.org,North
745,Laura Pollard,moorelauren@example.net,South
746,Jeremy Gonzalez,stephenstaylor@example.net,West
747,Christopher Ryan,theresa74@example.com,West
748,Monique Garcia,kennethpham@example.net,South
749,John Ross,littledaniel@example.org,West
750,William Cummings,johnsonmichael@example.com,West
751,Meagan Rodriguez,brittany64@example.com,North
752,Richard Rogers,laura93@example.net,North
753,James Wilson,avilabrandon@example.org,South
754,Matthew Taylor,ramirezdavid@example.org,South
755,William Berger,jeffery18@example.net,East
756,Allison Lee,johnsonvalerie@example.org,North
757,Amanda Nguyen,spencergarrett@example.net,South
758,Mark Thompson,melissa68@example.com,East
759,Sydney Garcia,marcgonzalez@example.org,North
760,Elizabeth Gonzales,hdavenport@example.net,East
761,Alex Davis,harmonmichael@example.com,East
762,Devin Johnson,qharper@example.com,South
763,Anne Duran,boyercatherine@example.com,South
764,Krystal Rojas,shannonmyers@example.com,South
765,Jamie Johnson,kevinwebb@example.org,North
766,Sarah Lawrence,kellyjames@example.net,South
767,Hayden Davis,woodkathleen@example.net,East
768,Jamie Anderson,kylie01@example.net,South
769,Barbara Wood,usmith@example.org,South
770,Gregory Scott,christopher78@example.net,North
771,Christopher Garrett Jr.,alejandro49@example.com,West
772,Mrs. Regina Henderson,usmith@example.com,West
773,Meredith Stevenson,donna50@example.net,South
774,Walter Ellis,josephglover@example.org,East
775,April Clark,cookjillian@example.org,North
776,Bryan Nguyen,david16@example.org,East
777,Marissa Smith,kimlisa@example.net,West
778,Frederick Walker,kharrison@example.org,South
779,Larry Newton,krussell@example.org,West
780,David Oconnell,estradanatalie@example.org,East
781,Sarah Watts,anthonywilliams@example.org,North
782,Julie Griffin,tylermichael@example.org,East
783,Sherry Shelton,garciaamy@example.org,East
784,Janet Hansen,ashleywatkins@example.org,East
785,Crystal Davis,meyersstephen@example.org,North
786,Stacy Barnes,gibsondonna@example.com,North
787,Julia Moran,johnny14@example.net,East
788,Michael Johnson,beckersean@example.net,North
789,Ryan Stokes,dianablack@example.net,South
790,Scott Fry,waltonbarry@example.org,South
791,Debra Shepherd,stephaniechurch@example.com,East
792,Rebecca Phelps,franklindeborah@example.org,West
793,Bryan Spencer,schwartzjenny@example.com,North
794,David Morgan,elizabethprice@example.com,North
795,Denise Gomez,martin06@example.com,East
796,Nicole Williams,jessica92@example.org,West
797,Elizabeth Perkins,jeffpeterson@example.com,East
798,Alex Griffin,rodriguezmelissa@example.org,West
799,Daniel Davis,proberts@example.net,East
800,Felicia Cochran,juan79@example.com,West
801,Brenda Duncan,patriciacallahan@example.org,West
802,Angela Bell,anthonyharmon@example.org,North
803,Joseph Burnett,josephpaul@example.com,North
804,Julie Robinson,boyersamuel@example.org,North
805,Beverly Hill,davissean@example.net,East
806,Abigail Taylor,seanpark@example.com,North
807,Lisa Gibson,nicole04@example.com,East
808,Robin Pruitt,blynch@example.com,South
809,Colleen Tran,diana46@example.net,North
810,Heather Rubio,butlerkevin@example.org,East
811,Amber Huang,joanneroberts@example.com,East
812,Erica Fowler,joseph09@example.net,West
813,Franklin Scott,melinda97@example.org,West
814,Cindy Joseph,annagibbs@example.org,South
815,Alan Walsh,kayla65@example.org,South
816,Brian Strickland,nparker@example.com,North
817,Joshua Mccoy,moraleskristen@example.com,South
818,Jessica Christensen,mollywilliams@example.net,North
819,Wendy Nelson,jessegreen@example.org,West
820,Megan Acevedo,andrewprice@example.com,West
821,Matthew Hayes,bartlettpatrick@example.com,North
822,Philip Hickman,kimberlymelton@example.com,North
823,Shannon Allen,madison67@example.com,East
824,Lauren Thompson,nwilliamson@example.com,East
825,Tyler Gonzalez,emilyclark@example.org,North
826,Mario Young,jessicaeverett@example.com,East
827,Alexander Phillips,davidirwin@example.net,South
828,Kathy Crosby MD,vrusso@example.com,West
829,Kelly Hunt,hoganyvette@example.org,East
830,Jesse Gillespie,annelarsen@example.net,West
831,David Coleman,kurt42@example.org,South
832,Paul Austin,nrodriguez@example.net,West
833,Debra Townsend,oconnorkristin@example.com,South
834,Christopher Brown,kathy47@example.org,East
835,Joshua Brewer,welchaaron@example.com,West
836,Erica Brown,rickynewman@example.net,East
837,Kenneth Herman,imclaughlin@example.com,East
838,Julie Morgan,matthewlevy@example.com,North
839,Frank Ponce,kimberlytaylor@example.net,East
840,Tina Schmidt,ryan82@example.net,West
841,Craig Wolf,tdeleon@example.com,South
842,Timothy Nicholson,sreilly@example.org,West
843,John Andrews,qmiller@example.com,North
844,Alexis Miller,campbellmolly@example.com,West
845,Chase Arellano,ramseymichael@example.net,South
846,Beverly Gonzalez,eduardo88@example.net,North
847,Monique Ewing,scottcummings@example.org,South
848,Tamara York,harmonbarbara@example.org,North
849,James Reid,wpratt@example.net,East
850,Barbara Hammond,donna76@example.net,East
851,Kathleen Harris,dodsonwilliam@example.com,East
852,Robert Allen,mayobrandon@example.net,West
853,John Gonzales,smoore@example.com,West
854,Kimberly Edwards,nancytaylor@example.net,South
855,Amber Williams,odavis@example.org,South
856,Jennifer Hunter,jessicaclark@example.net,North
857,Jacob Wallace,beckysimmons@example.org,North
858,Jessica Hernandez,averymark@example.com,West
859,Donna Martin,robertsmith@example.org,North
860,Ricky Cook,prattdarlene@example.net,North
861,Scott Henry,cfreeman@example.com,East
862,Charles Jenkins,petershannah@example.com,East
863,Stephen Lowe,robert99@example.org,West
864,Daniel Swanson,mcknightsarah@example.net,North
865,Robert Johnson,james76@example.org,East
866,Adrienne Smith,sherry77@example.com,North
867,Nicholas Vaughn,glopez@example.com,West
868,Travis Clark,christinasmith@example.net,South
869,Christina Clark,willismaria@example.com,West
870,Melissa Lawson,nicholasrodgers@example.org,North
871,Frank Lewis,eward@example.org,North
872,Thomas Johnson,conwaylynn@example.net,East
873,Patricia Hernandez,dbennett@example.org,West
874,Patrick Silva,randallmartinez@example.net,North
875,Cory Williams,pwong@example.net,South
876,Matthew Vasquez,rcarpenter@example.org,East
877,Patrick Ramirez,natasha65@example.net,West
878,Jared James,stephendudley@example.net,East
879,Eric Wilson,stacy13@example.com,North
880,Tina Price DDS,brandyevans@example.net,West
881,Joshua Woods,kathleen35@example.com,East
882,Brandon Nguyen,davidrodriguez@example.org,North
883,Cody Mejia,samantha41@example.org,West
884,Sean Rodriguez,chughes@example.com,West
885,Brent Flores,rosslindsay@example.org,North
886,Angela Dyer,lsantiago@example.com,East
887,Amanda Moreno,zchristensen@example.net,South
888,Christopher Armstrong,erica42@example.com,South
889,Julie Jordan,orozcoroberta@example.net,West
890,Shari Jones,davidcarpenter@example.com,North
891,Christopher Beasley,gabriellopez@example.net,South
892,Carrie Hoffman,thomas43@example.org,South
893,Matthew Reeves,boydjulie@example.com,North
894,Kevin White,luke26@example.net,East
895,Ronald Beasley,wyatt51@example.com,South
896,Deanna Rodriguez,anne09@example.org,South
897,Richard Mata,brandonvelez@example.com,South
898,Mark Velasquez,scottbrowning@example.net,North
899,Regina Scott,hicksbernard@example.net,West
900,Dr. Sean Morris PhD,castanedaveronica@example.com,West
901,Jonathan Hernandez,mgreen@example.com,South
902,Mark Brown,tsantana@example.com,West
903,Alexander Drake,tgonzalez@example.com,East
904,Jennifer Garcia,john92@example.net,East
905,Danielle Foster,rodriguezsharon@example.org,North
906,Alexis Mckinney,ewarren@example.net,West
907,Jeremy Petty,wsmith@example.com,West
908,Melissa Reed,shaunturner@example.org,North
909,John Cook,oschneider@example.net,South
910,Elizabeth Alvarado,garciaglenda@example.org,East
911,Aaron Torres,drios@example.net,North
912,Elizabeth Miller,kimberlymay@example.org,West
913,Kevin Smith,lawrencekim@example.com,South
914,Troy Walton,hoffmanandrea@example.net,North
915,Joanna Powell,laura07@example.net,East
916,Travis Roberts,edwardsryan@example.net,East
917,Brianna Martin,brianna05@example.org,South
918,Kristin Moon,raymichelle@example.net,West
919,Courtney Mann,naguilar@example.org,North
920,Stacy Martinez,yorkraymond@example.com,West
921,David Farley,torozco@example.org,East
922,William Gray,kruegerjoshua@example.org,North
923,Isabella Hardy,mooreshelby@example.org,North
924,Ryan Fields,coxandrew@example.com,South
925,Christine Salazar,vsmith@example.com,South
926,Amy Morgan MD,ireynolds@example.com,South
927,Wanda Sherman,joshua92@example.net,East
928,Nancy Mccall,theresaphillips@example.org,North
929,Jose Bailey,gwilson@example.net,West
930,Jeremiah Acosta,jeffrey36@example.net,East
931,Thomas Valenzuela,rollinsanthony@example.com,North
932,Kevin Anderson,valerie92@example.net,East
933,Karen Mcfarland,christopherclark@example.org,North
934,David Jones,brittany40@example.net,East
935,Heather Dillon,harmonjames@example.com,South
936,Michael Adams,randerson@example.net,East
937,Kimberly Moore,megan93@example.org,South
938,Juan Perry,david01@example.com,West
939,Michael Schmidt,pgentry@example.com,South
940,Richard Arnold,jessicaortiz@example.net,West
941,Alyssa Johnson,jamessnyder@example.net,North
942,Shelly Foster,lopezkelly@example.org,East
943,Eduardo Paul,woodchristopher@example.org,East
944,Julie Stephens,amanda54@example.net,South
945,Brenda Pollard,maryjohnson@example.org,North
946,Patrick Baxter,cortezdavid@example.net,West
947,Debbie Jacobson,brownlisa@example.net,North
948,Hailey Snyder,grichards@example.org,North
949,Christopher Davis,thomashernandez@example.com,South
950,Daniel Hansen,fbrooks@example.org,South
951,Susan Ramos,bryantscott@example.com,South
952,Mitchell Duncan,kyle86@example.net,West
953,Charles Cruz,trananna@example.org,South
954,Michael Beck,sherryfrancis@example.net,North
955,Elizabeth Caldwell,claudia49@example.org,North
956,Patrick Smith,againes@example.net,South
957,Ashley Vaughn,isabella90@example.com,South
958,Scott Garcia,james34@example.net,North
959,Kelsey Vargas,kevinoconnor@example.com,West
960,Angela Mitchell,randysanders@example.com,West
961,Alice Peterson,maxwellwilliamson@example.net,West
962,Robin Gordon,joshua15@example.org,South
963,Elizabeth Hines,thomasemily@example.org,South
964,Philip Hansen,andersonkelly@example.org,South
965,Jesse Clark,shellyschmidt@example.net,East
966,Jacob Garcia,brenda56@example.com,West
967,Casey Green,jason83@example.org,West
968,Charles Reyes,vazquezbenjamin@example.org,East
969,Nathan Hanna,kimberly93@example.com,South
970,Henry Burnett,megan17@example.com,South
971,Brandon Kramer,jonathanhernandez@example.org,West
972,Sharon Kelley,amanda38@example.com,South
973,Cameron Norris,ubenton@example.net,West
974,Christina Anderson,yelliott@example.net,East
975,Sarah Vega,pking@example.org,North
976,Alison Rogers,barnesmichael@example.net,West
977,Jacqueline Morrison,vhudson@example.org,East
978,Timothy Sanchez,cstevens@example.net,East
979,Cynthia Walker,kimberlymorrow@example.org,South
980,Richard Cox,flowersdanny@example.com,South
981,Cynthia Mitchell,jasongordon@example.com,West
982,Joshua Hayes,rarnold@example.org,West
983,Robert Ellis,johnsnyder@example.com,West
984,Diane Bishop,william33@example.org,North
985,Molly Clark,llewis@example.org,South
986,Melanie Webb,xberger@example.net,South
987,Jennifer Patrick,kevin01@example.net,North
988,Melissa Mason,ujohnson@example.org,North
989,Justin Clark,blackkerry@example.net,South
990,Patricia Glenn,jameswolf@example.net,South
991,Mathew Powell,franklarsen@example.net,East
992,Krista Hayes,brewerbrian@example.com,West
993,Stephen Russell,xgomez@example.net,East
994,Mike Ward,hailey34@example.org,South
995,Scott Wells,lwatts@example.net,East
996,Angela Colon,kevin83@example.com,East
997,Laurie Roach,cheryladams@example.com,West
998,David Ray,aguilarrussell@example.org,East
999,Mary Lawson,kurtmorton@example.net,West
1000,Barbara Hunter,bobbydavis@example.com,West
